threshold,accuracy,precision,recall,f1_score,roc_auc,pr_auc,fraud_detection_rate,false_positive_rate,true_negative,false_positive,false_negative,true_positive,model
0.023396352615010777,0.7241950651560611,0.5390587862462367,0.9522743177046886,0.688420094096221,0.9219015672882753,0.8896218538500721,0.9522743177046886,0.3831160279204531,9368,5818,341,6804,LightGBM
0.09487365931272507,0.7780663651426268,0.5978892764511224,0.9356193142057383,0.7295645530939648,0.9249362627008026,0.8922007282817014,0.9356193142057383,0.2960621625181088,10690,4496,460,6685,XGBoost
0.20980817622533393,0.7464511217589898,0.5633923228178165,0.9223233030090973,0.6995011145313661,0.9068777299116336,0.873994016894185,0.9223233030090973,0.33629658896351905,10079,5107,555,6590,Random Forest
0.18643313782271895,0.8259370381980207,0.6676961087090797,0.9077676696990903,0.7694406548431105,0.9165853839265052,0.8838118511942893,0.9077676696990903,0.21256420387198735,11958,3228,659,6486,CatBoost
0.14333475410648583,0.7854551968116071,0.6110796526991318,0.9062281315605318,0.7299475790541683,0.9148530325664582,0.8840662431892535,0.9062281315605318,0.27136836559989463,11065,4121,670,6475,Gradient Boosting
0.26007779937826,0.7736330661412386,0.5965447154471545,0.9037088873337998,0.7186821748566976,0.911155352195869,0.8800803495092246,0.9037088873337998,0.28756749637824314,10819,4367,688,6457,Tuned Random Forest
0.2873779191718493,0.8063678294747212,0.6500691562932227,0.8551434569629112,0.7386363636363636,0.9113448936476701,0.8760003208246336,0.8551434569629112,0.21658106150401685,11897,3289,1035,6110,Logistic Regression
0.15904101696071674,0.7810666786082128,0.6314378932649732,0.7584324702589224,0.6891333375723279,0.7697332963945928,0.6481974918865541,0.7584324702589224,0.2082839457394969,12023,3163,1726,5419,Decision Tree
