ClaimMonth,claims,fraud_rate
1,49582,0.3842120124238635
2,44791,0.38199638320198254
3,49634,0.37814804367973565
4,48084,0.3813534647699859
5,49259,0.38378773422115753
6,47400,0.38139240506329114
7,48048,0.3774975024975025
8,47510,0.3849715849294885
9,44900,0.3821380846325167
10,45104,0.37961156438453353
11,42102,0.3790081231295425
12,41797,0.37997942436060006
