{
  "best_model": "LightGBM",
  "best_metrics": {
    "threshold": 0.023396352615010777,
    "accuracy": 0.7241950651560611,
    "precision": 0.5390587862462367,
    "recall": 0.9522743177046886,
    "f1_score": 0.688420094096221,
    "roc_auc": 0.9219015672882753,
    "pr_auc": 0.8896218538500721,
    "fraud_detection_rate": 0.9522743177046886,
    "false_positive_rate": 0.3831160279204531,
    "true_negative": 9368,
    "false_positive": 5818,
    "false_negative": 341,
    "true_positive": 6804,
    "model": "LightGBM"
  },
  "class_distribution": {
    "0": 74255,
    "1": 45745
  },
  "feature_count": 59,
  "numeric_feature_count": 53,
  "categorical_feature_count": 6,
  "training_rows": 120000,
  "model_path": "D:\\Coding\\Projects\\AI Fraud Detection System\\models\\fraud_detection_model.joblib"
}